wp,n1,Pnd,Np1,Helix,sigma_bend,percent_diff,abs_percent_diff
2400,8.700000000000006,22,31,20,36.840241901231266,0.00015770450985754948,0.00015770450985754948
3000,5.800000000000004,25,51,20,36.84016593159827,0.00036391844170035286,0.00036391844170035286
2800,7.700000000000006,20,33,25,36.84045984821823,0.000433894054732766,0.000433894054732766
2600,8.100000000000007,25,49,25,36.84048208537154,0.0004942547198550142,0.0004942547198550142
3200,4.800000000000003,16,14,15,36.840554999097506,0.0006921719285424915,0.0006921719285424915
