wp,n1,Pnd,Np1,Helix,sigma_bend,bending_percent_diff,abs_bending_percent_diff,sigma_contact,contact_percent_diff,abs_contact_percent_diff,combined_metric
3400,2.9,24,47,25,36.86814765582725,0.07556163971132009,0.07556163971132009,129.22249467094235,0.01509323675769821,0.01509323675769821,0.09065487646901829
2000,5.7,25,40,15,36.810811659160926,0.0800757522182092,0.0800757522182092,129.32886061327437,0.067185152316365,0.067185152316365,0.1472609045345742
2000,5.8,25,40,15,36.804646210428125,0.0968261677318624,0.0968261677318624,129.14653127968523,0.07389547813282653,0.07389547813282653,0.1707216458646889
1800,8,22,38,25,36.90497418776112,0.17539886717745498,0.17539886717745498,129.23217268717423,0.007604096551384952,0.007604096551384952,0.18300296372883992
2600,7.1,22,39,25,36.911909065109526,0.19418825826982244,0.19418825826982244,129.22623893834944,0.01219574344243524,0.01219574344243524,0.20638400171225768
