wp  , n1 , Pnd, Np1, Helix, Np2, Pnd2, Helix2, sigma_bend_stage1 , percent_diff_bend_stage1, sigma_contact_stage1, percent_diff_contact_stage1, sigma_bend_stage2 , percent_diff_bend_stage2, sigma_contact_stage2, percent_diff_contact_stage2, combined_metric
2250, 2.9,  10,  15,    25,  36,   10,     25, 13.833650572134117,        90.80266751697611,   129.69552800078125,          0.3502991661988009, 36.63961026242033 ,       0.5462438287225587,   139.32592192430496,           7.509401608392453, 99.20861212028991
2250, 2.8,  10,  15,    25,  36,   10,     25, 13.8591791460831  ,        90.65624042290523,   130.39643610025456,          0.889264407530792 , 36.610606940394696,       0.6254328752991399,   138.68629316586288,           7.049866256578086, 99.22080396231324
2250, 2.7,  10,  15,    25,  36,   10,     25, 13.884802114923437,        90.5094201015832 ,   131.14593852643284,          1.4623861129724163, 36.57950632569239 ,       0.7104177669734469,   138.04432381367602,           6.586437860406267, 99.26866184193533
2250, 2.6,  10,  15,    25,  36,   10,     25, 13.910520003179107,        90.36220496687358,   131.9493005705315 ,          2.073040384283735 , 36.54607239501158 ,       0.8018589702314307,   137.39998529609736,           6.119055322092795, 99.35615964348153
2250, 2.9,  10,  15,    25,  37,   10,     25, 13.833650572134117,        90.80266751697611,   129.69552800078125,          0.3502991661988009, 35.52863928894001 ,       3.624927279431451 ,   135.43225455768592,           4.677640118817648, 99.455534081424
