wp,n1,Pnd,Np1,Helix,sigma_bend,percent_diff,abs_percent_diff
3600,2.000000000000001,10,10,25,21.22393037520527,53.7899823140109,53.7899823140109
3600,2.100000000000001,10,10,25,21.176620902975223,53.99693349193756,53.99693349193756
3400,2.000000000000001,10,10,25,21.13628327907493,54.17365368128896,54.17365368128896
3600,2.200000000000001,10,10,25,21.129521873218547,54.203299644912896,54.203299644912896
3400,2.100000000000001,10,10,25,21.08916917772045,54.38037339495387,54.38037339495387
