wp  , n1 , Pnd, Np1, Helix, Np2, Pnd2, Helix2, sigma_bend_stage1 , percent_diff_bend_stage1, sigma_contact_stage1, percent_diff_contact_stage1, sigma_bend_stage2, percent_diff_bend_stage2, sigma_contact_stage2, percent_diff_contact_stage2, combined_metric
2250, 2.9,  10,  15,    25,  36,   10,     25, 13.833650572134117,        90.80266751697611,   129.69552800078125,          0.3502991661988009, 36.63961026242033,       0.5462438287225587,   139.32592192430496,           7.509401608392453, 99.20861212028991
